# field,g_lim,i_lim
1.000000000000000000e+00,2.558713722229003906e+01,2.461951065063476562e+01
2.000000000000000000e+00,2.612061882019042969e+01,2.474157524108886719e+01
3.000000000000000000e+00,2.613518333435058594e+01,2.472757148742675781e+01
4.000000000000000000e+00,2.603169059753417969e+01,2.498676109313964844e+01
5.000000000000000000e+00,2.591255569458007812e+01,2.478326606750488281e+01
6.000000000000000000e+00,2.641525840759277344e+01,2.480267143249511719e+01
7.000000000000000000e+00,2.612270736694335938e+01,2.458858299255371094e+01
8.000000000000000000e+00,2.610161399841308594e+01,2.502014732360839844e+01
9.000000000000000000e+00,2.604387855529785156e+01,2.503732681274414062e+01
1.000000000000000000e+01,2.624229431152343750e+01,2.486711883544921875e+01
1.100000000000000000e+01,2.621782112121582031e+01,2.484256362915039062e+01
1.200000000000000000e+01,2.617098999023437500e+01,2.492016792297363281e+01
1.300000000000000000e+01,2.613839721679687500e+01,2.455134010314941406e+01
1.400000000000000000e+01,2.583261680603027344e+01,2.460835456848144531e+01
1.500000000000000000e+01,2.632453155517578125e+01,2.488264656066894531e+01
1.600000000000000000e+01,2.623100090026855469e+01,2.497854232788085938e+01
1.700000000000000000e+01,2.594130325317382812e+01,2.498808479309082031e+01
1.800000000000000000e+01,2.607003402709960938e+01,2.502586555480957031e+01
1.900000000000000000e+01,2.625997734069824219e+01,2.479478454589843750e+01
2.000000000000000000e+01,2.603284072875976562e+01,2.487103652954101562e+01
2.100000000000000000e+01,2.621789550781250000e+01,2.500141906738281250e+01
2.200000000000000000e+01,2.617454910278320312e+01,2.483645248413085938e+01
2.300000000000000000e+01,2.611057281494140625e+01,2.490364074707031250e+01
2.400000000000000000e+01,2.607847976684570312e+01,2.490438079833984375e+01
2.500000000000000000e+01,2.595085334777832031e+01,2.489185142517089844e+01
2.600000000000000000e+01,2.593366622924804688e+01,2.530288314819335938e+01
2.700000000000000000e+01,2.600358581542968750e+01,2.494445991516113281e+01
2.800000000000000000e+01,2.617082595825195312e+01,2.497623252868652344e+01
2.900000000000000000e+01,2.591758537292480469e+01,2.491394233703613281e+01
3.000000000000000000e+01,2.626129150390625000e+01,2.498686218261718750e+01
3.100000000000000000e+01,2.600551605224609375e+01,2.483930969238281250e+01
3.200000000000000000e+01,2.621011352539062500e+01,2.489555931091308594e+01
3.300000000000000000e+01,2.597170829772949219e+01,2.476753997802734375e+01
3.400000000000000000e+01,2.605073928833007812e+01,2.471197128295898438e+01
3.500000000000000000e+01,2.606716156005859375e+01,2.488465118408203125e+01
3.600000000000000000e+01,2.545187377929687500e+01,2.474397659301757812e+01
3.700000000000000000e+01,2.601584815979003906e+01,2.490113258361816406e+01
3.800000000000000000e+01,2.606664276123046875e+01,2.488548851013183594e+01
3.900000000000000000e+01,2.617044639587402344e+01,2.484606933593750000e+01
4.000000000000000000e+01,2.601957321166992188e+01,2.498102569580078125e+01
4.100000000000000000e+01,2.615217781066894531e+01,2.476082229614257812e+01
4.200000000000000000e+01,2.583949089050292969e+01,2.480704498291015625e+01
4.300000000000000000e+01,2.575085449218750000e+01,2.459064865112304688e+01
4.400000000000000000e+01,2.595274162292480469e+01,2.484732437133789062e+01
4.500000000000000000e+01,2.612714195251464844e+01,2.505251502990722656e+01
4.600000000000000000e+01,2.616496467590332031e+01,2.497234153747558594e+01
4.700000000000000000e+01,2.594260215759277344e+01,2.489304351806640625e+01
4.800000000000000000e+01,2.617105484008789062e+01,2.504059028625488281e+01
4.900000000000000000e+01,2.598191261291503906e+01,2.488802719116210938e+01
5.000000000000000000e+01,2.601231384277343750e+01,2.491041755676269531e+01
5.100000000000000000e+01,2.617482185363769531e+01,2.487969970703125000e+01
5.200000000000000000e+01,2.623437118530273438e+01,2.476243209838867188e+01
5.300000000000000000e+01,2.601777267456054688e+01,2.478468322753906250e+01
5.400000000000000000e+01,2.618981742858886719e+01,2.507581329345703125e+01
5.500000000000000000e+01,2.603383255004882812e+01,2.466300010681152344e+01
5.600000000000000000e+01,2.606614494323730469e+01,2.493146514892578125e+01
5.700000000000000000e+01,2.603449630737304688e+01,2.477811622619628906e+01
5.800000000000000000e+01,2.630964088439941406e+01,2.503475379943847656e+01
5.900000000000000000e+01,2.604653739929199219e+01,2.461030578613281250e+01
6.000000000000000000e+01,2.596915245056152344e+01,2.490823936462402344e+01
6.100000000000000000e+01,2.585603141784667969e+01,2.457873344421386719e+01
6.200000000000000000e+01,2.591742706298828125e+01,2.468387794494628906e+01
6.300000000000000000e+01,2.583506011962890625e+01,2.464757537841796875e+01
6.400000000000000000e+01,2.612750053405761719e+01,2.494801330566406250e+01
6.500000000000000000e+01,2.603606796264648438e+01,2.502797126770019531e+01
6.600000000000000000e+01,2.608695793151855469e+01,2.506988525390625000e+01
6.700000000000000000e+01,2.594108390808105469e+01,2.501778030395507812e+01
6.800000000000000000e+01,2.602477645874023438e+01,2.490469551086425781e+01
6.900000000000000000e+01,2.624393272399902344e+01,2.495854187011718750e+01
7.000000000000000000e+01,2.613537406921386719e+01,2.511801338195800781e+01
7.100000000000000000e+01,2.546810340881347656e+01,2.481929206848144531e+01
7.200000000000000000e+01,2.593938064575195312e+01,2.478464126586914062e+01
7.300000000000000000e+01,2.607054328918457031e+01,2.489521789550781250e+01
7.400000000000000000e+01,2.589652824401855469e+01,2.480839538574218750e+01
7.500000000000000000e+01,2.618035316467285156e+01,2.489101409912109375e+01
7.600000000000000000e+01,2.562897300720214844e+01,2.481253623962402344e+01
7.700000000000000000e+01,2.599729347229003906e+01,2.464569854736328125e+01
7.800000000000000000e+01,2.616378784179687500e+01,2.484213256835937500e+01
7.900000000000000000e+01,2.612265777587890625e+01,2.478267288208007812e+01
8.000000000000000000e+01,2.612402915954589844e+01,2.494827461242675781e+01
8.100000000000000000e+01,2.617008399963378906e+01,2.479866981506347656e+01
8.200000000000000000e+01,2.574858665466308594e+01,2.488966560363769531e+01
8.300000000000000000e+01,2.609489631652832031e+01,2.498841285705566406e+01
8.400000000000000000e+01,2.626802253723144531e+01,2.499336242675781250e+01
8.500000000000000000e+01,2.609202384948730469e+01,2.490003776550292969e+01
8.600000000000000000e+01,2.615106773376464844e+01,2.492615127563476562e+01
8.700000000000000000e+01,2.598539733886718750e+01,2.460150909423828125e+01
8.800000000000000000e+01,2.599155044555664062e+01,2.503746604919433594e+01
8.900000000000000000e+01,2.602646827697753906e+01,2.488758659362792969e+01
9.000000000000000000e+01,2.585160827636718750e+01,2.477732086181640625e+01
9.100000000000000000e+01,2.596712112426757812e+01,2.490813064575195312e+01
9.200000000000000000e+01,2.594171905517578125e+01,2.484761238098144531e+01
9.300000000000000000e+01,2.592645645141601562e+01,2.491573524475097656e+01
9.400000000000000000e+01,2.601361274719238281e+01,2.492293548583984375e+01
9.500000000000000000e+01,2.602338790893554688e+01,2.481557846069335938e+01
9.600000000000000000e+01,2.590204620361328125e+01,2.483731269836425781e+01
9.700000000000000000e+01,2.608270454406738281e+01,2.492037773132324219e+01
9.800000000000000000e+01,2.583359336853027344e+01,2.484256362915039062e+01
9.900000000000000000e+01,2.591231918334960938e+01,2.473630905151367188e+01
1.000000000000000000e+02,2.588768577575683594e+01,2.490876388549804688e+01
1.010000000000000000e+02,2.593376922607421875e+01,2.479026412963867188e+01
1.020000000000000000e+02,2.611506271362304688e+01,2.497621536254882812e+01
1.030000000000000000e+02,2.592269897460937500e+01,2.461219787597656250e+01
1.040000000000000000e+02,2.613323211669921875e+01,2.506659126281738281e+01
1.050000000000000000e+02,2.619313240051269531e+01,2.481065177917480469e+01
1.060000000000000000e+02,2.635620117187500000e+01,2.516005706787109375e+01
1.070000000000000000e+02,2.565697097778320312e+01,2.466979408264160156e+01
1.080000000000000000e+02,2.547476005554199219e+01,2.498476600646972656e+01
1.090000000000000000e+02,2.592867851257324219e+01,2.475259017944335938e+01
1.100000000000000000e+02,2.627725410461425781e+01,2.486432075500488281e+01
1.110000000000000000e+02,2.614342308044433594e+01,2.499809265136718750e+01
1.120000000000000000e+02,2.630191612243652344e+01,2.476309394836425781e+01
1.130000000000000000e+02,2.599180221557617188e+01,2.490422439575195312e+01
1.140000000000000000e+02,2.609815025329589844e+01,2.469181251525878906e+01
1.150000000000000000e+02,2.602657508850097656e+01,2.465260124206542969e+01
1.160000000000000000e+02,2.591395187377929688e+01,2.495240974426269531e+01
1.170000000000000000e+02,2.611930465698242188e+01,2.527393150329589844e+01
1.180000000000000000e+02,2.632665252685546875e+01,2.473530960083007812e+01
1.190000000000000000e+02,2.611722564697265625e+01,2.485544586181640625e+01
1.200000000000000000e+02,2.594867706298828125e+01,2.471833229064941406e+01
1.210000000000000000e+02,2.664911842346191406e+01,2.557684707641601562e+01
1.220000000000000000e+02,2.606598281860351562e+01,2.459122276306152344e+01
1.230000000000000000e+02,2.603753662109375000e+01,2.461906814575195312e+01
1.240000000000000000e+02,2.607612800598144531e+01,2.476605415344238281e+01
1.250000000000000000e+02,2.604600334167480469e+01,2.462324714660644531e+01
1.260000000000000000e+02,2.618505859375000000e+01,2.505071640014648438e+01
1.270000000000000000e+02,2.610676574707031250e+01,2.467812919616699219e+01
1.280000000000000000e+02,2.583675003051757812e+01,2.478553199768066406e+01
1.290000000000000000e+02,2.594114685058593750e+01,2.482184219360351562e+01
1.300000000000000000e+02,2.578969955444335938e+01,2.513710784912109375e+01
1.310000000000000000e+02,2.594723510742187500e+01,2.485585784912109375e+01
1.320000000000000000e+02,2.569236373901367188e+01,2.484493827819824219e+01
1.330000000000000000e+02,2.611343574523925781e+01,2.516312408447265625e+01
1.340000000000000000e+02,2.610606575012207031e+01,2.519361877441406250e+01
1.350000000000000000e+02,2.583258628845214844e+01,2.469798278808593750e+01
1.360000000000000000e+02,2.606312561035156250e+01,2.479879951477050781e+01
1.370000000000000000e+02,2.618233871459960938e+01,2.485099411010742188e+01
1.380000000000000000e+02,2.612371635437011719e+01,2.514612007141113281e+01
1.390000000000000000e+02,2.636145973205566406e+01,2.495107269287109375e+01
1.400000000000000000e+02,2.632620048522949219e+01,2.500770759582519531e+01
1.410000000000000000e+02,2.590055465698242188e+01,2.471034622192382812e+01
1.420000000000000000e+02,2.609584999084472656e+01,2.497436141967773438e+01
1.430000000000000000e+02,2.587212753295898438e+01,2.465283775329589844e+01
1.440000000000000000e+02,2.610206413269042969e+01,2.503987884521484375e+01
1.450000000000000000e+02,2.586404037475585938e+01,2.469058609008789062e+01
1.460000000000000000e+02,2.592453575134277344e+01,2.491102981567382812e+01
1.470000000000000000e+02,2.623784255981445312e+01,2.498976707458496094e+01
1.480000000000000000e+02,2.642172622680664062e+01,2.511366462707519531e+01
1.490000000000000000e+02,2.586841773986816406e+01,2.487357711791992188e+01
1.500000000000000000e+02,2.576990318298339844e+01,2.463304328918457031e+01
1.510000000000000000e+02,2.604593467712402344e+01,2.432888412475585938e+01
1.520000000000000000e+02,2.610181808471679688e+01,2.493673324584960938e+01
1.530000000000000000e+02,2.578329277038574219e+01,2.473973846435546875e+01
1.540000000000000000e+02,2.619660949707031250e+01,2.447995185852050781e+01
1.550000000000000000e+02,2.612576484680175781e+01,2.491740989685058594e+01
1.560000000000000000e+02,2.611654853820800781e+01,2.445203208923339844e+01
1.570000000000000000e+02,2.604161643981933594e+01,2.467516708374023438e+01
1.580000000000000000e+02,2.597007179260253906e+01,2.457982826232910156e+01
1.590000000000000000e+02,2.588157463073730469e+01,2.469556045532226562e+01
1.600000000000000000e+02,2.621688079833984375e+01,2.487157821655273438e+01
1.610000000000000000e+02,2.591700363159179688e+01,2.468434143066406250e+01
1.620000000000000000e+02,2.608697891235351562e+01,2.489392471313476562e+01
1.630000000000000000e+02,2.580582427978515625e+01,2.468142127990722656e+01
1.640000000000000000e+02,2.606667137145996094e+01,2.491113281250000000e+01
1.650000000000000000e+02,2.600705909729003906e+01,2.475291633605957031e+01
1.660000000000000000e+02,2.598450279235839844e+01,2.464468574523925781e+01
1.670000000000000000e+02,2.594219589233398438e+01,2.456800651550292969e+01
1.680000000000000000e+02,2.600721931457519531e+01,2.493567848205566406e+01
1.690000000000000000e+02,2.614845848083496094e+01,2.518276977539062500e+01
1.700000000000000000e+02,2.610889053344726562e+01,2.501888847351074219e+01
1.710000000000000000e+02,2.603248405456542969e+01,2.499189376831054688e+01
1.720000000000000000e+02,2.580634498596191406e+01,2.450942230224609375e+01
1.730000000000000000e+02,2.610210609436035156e+01,2.494336891174316406e+01
1.740000000000000000e+02,2.574670219421386719e+01,2.474192619323730469e+01
1.750000000000000000e+02,2.593798828125000000e+01,2.488682174682617188e+01
1.760000000000000000e+02,2.591913032531738281e+01,2.478622245788574219e+01
1.770000000000000000e+02,2.602027511596679688e+01,2.495309638977050781e+01
1.780000000000000000e+02,2.592337417602539062e+01,2.464702796936035156e+01
1.790000000000000000e+02,2.571041870117187500e+01,2.451648330688476562e+01
1.800000000000000000e+02,2.588726425170898438e+01,2.480322456359863281e+01
1.810000000000000000e+02,2.595453643798828125e+01,2.478082275390625000e+01
1.820000000000000000e+02,2.591806411743164062e+01,2.475248146057128906e+01
1.830000000000000000e+02,2.613719940185546875e+01,2.505369758605957031e+01
1.840000000000000000e+02,2.608544921875000000e+01,2.458829689025878906e+01
1.850000000000000000e+02,2.603702735900878906e+01,2.503707122802734375e+01
1.860000000000000000e+02,2.608033943176269531e+01,2.443918991088867188e+01
1.870000000000000000e+02,2.590001678466796875e+01,2.507945251464843750e+01
1.880000000000000000e+02,2.608741188049316406e+01,2.457336616516113281e+01
1.890000000000000000e+02,2.548478889465332031e+01,2.481993865966796875e+01
1.900000000000000000e+02,2.587603569030761719e+01,2.477260398864746094e+01
1.910000000000000000e+02,2.609632873535156250e+01,2.502016067504882812e+01
1.920000000000000000e+02,2.531285095214843750e+01,2.461363601684570312e+01
1.930000000000000000e+02,2.615595054626464844e+01,2.503693771362304688e+01
1.940000000000000000e+02,2.619488906860351562e+01,2.497169494628906250e+01
1.950000000000000000e+02,2.533073043823242188e+01,2.479172134399414062e+01
1.960000000000000000e+02,2.617234420776367188e+01,2.487807655334472656e+01
1.970000000000000000e+02,2.547611045837402344e+01,2.479675483703613281e+01
1.980000000000000000e+02,2.616777992248535156e+01,2.506149291992187500e+01
1.990000000000000000e+02,2.551794815063476562e+01,2.465500068664550781e+01
2.000000000000000000e+02,2.550357627868652344e+01,2.455500793457031250e+01
2.010000000000000000e+02,2.548269653320312500e+01,2.443887901306152344e+01
2.020000000000000000e+02,2.599220275878906250e+01,2.496529388427734375e+01
2.030000000000000000e+02,2.575004005432128906e+01,2.469661712646484375e+01
2.040000000000000000e+02,2.597041130065917969e+01,2.486227798461914062e+01
2.050000000000000000e+02,2.601856613159179688e+01,2.482281875610351562e+01
2.060000000000000000e+02,2.576779174804687500e+01,2.478467750549316406e+01
2.070000000000000000e+02,2.613473892211914062e+01,2.480408287048339844e+01
2.080000000000000000e+02,2.600385093688964844e+01,2.490865325927734375e+01
2.090000000000000000e+02,2.627498054504394531e+01,2.511110115051269531e+01
2.100000000000000000e+02,2.611653709411621094e+01,2.496295738220214844e+01
2.110000000000000000e+02,2.616391563415527344e+01,2.493637657165527344e+01
2.120000000000000000e+02,2.619071578979492188e+01,2.481515121459960938e+01
2.130000000000000000e+02,2.607204818725585938e+01,2.497385215759277344e+01
2.140000000000000000e+02,2.636388015747070312e+01,2.500722122192382812e+01
2.150000000000000000e+02,2.539207839965820312e+01,2.472082710266113281e+01
2.160000000000000000e+02,2.610266113281250000e+01,2.500831794738769531e+01
2.170000000000000000e+02,2.619213485717773438e+01,2.489733695983886719e+01
2.180000000000000000e+02,2.534060859680175781e+01,2.470094108581542969e+01
2.190000000000000000e+02,2.609321403503417969e+01,2.495235633850097656e+01
2.200000000000000000e+02,2.579664993286132812e+01,2.491839218139648438e+01
2.210000000000000000e+02,2.608380699157714844e+01,2.454828262329101562e+01
2.220000000000000000e+02,2.613880920410156250e+01,2.504395484924316406e+01
2.230000000000000000e+02,2.615084838867187500e+01,2.467286872863769531e+01
2.240000000000000000e+02,2.608722877502441406e+01,2.459201622009277344e+01
2.250000000000000000e+02,2.610845184326171875e+01,2.498683738708496094e+01
2.260000000000000000e+02,2.607174873352050781e+01,2.460080909729003906e+01
2.270000000000000000e+02,2.640971183776855469e+01,2.509373092651367188e+01
2.280000000000000000e+02,2.586532402038574219e+01,2.456462287902832031e+01
2.290000000000000000e+02,2.611529922485351562e+01,2.489758300781250000e+01
2.300000000000000000e+02,2.587642860412597656e+01,2.445686912536621094e+01
2.310000000000000000e+02,2.607203292846679688e+01,2.485303306579589844e+01
2.320000000000000000e+02,2.602589035034179688e+01,2.478741073608398438e+01
2.330000000000000000e+02,2.564583206176757812e+01,2.457784461975097656e+01
2.340000000000000000e+02,2.593636894226074219e+01,2.500230026245117188e+01
2.350000000000000000e+02,2.608219909667968750e+01,2.509408569335937500e+01
2.360000000000000000e+02,2.608454895019531250e+01,2.491640472412109375e+01
2.370000000000000000e+02,2.606611251831054688e+01,2.500403404235839844e+01
2.380000000000000000e+02,2.609329032897949219e+01,2.504526519775390625e+01
2.390000000000000000e+02,2.602382659912109375e+01,2.497624778747558594e+01
2.400000000000000000e+02,2.586188507080078125e+01,2.486142730712890625e+01
2.410000000000000000e+02,2.615758895874023438e+01,2.492558670043945312e+01
2.420000000000000000e+02,2.613789749145507812e+01,2.507732200622558594e+01
2.430000000000000000e+02,2.605811691284179688e+01,2.491524505615234375e+01
2.440000000000000000e+02,2.614647865295410156e+01,2.505037879943847656e+01
2.450000000000000000e+02,2.606865501403808594e+01,2.484944152832031250e+01
2.460000000000000000e+02,2.620887565612792969e+01,2.479335021972656250e+01
2.470000000000000000e+02,2.608217620849609375e+01,2.458674049377441406e+01
2.480000000000000000e+02,2.497787666320800781e+01,2.434219551086425781e+01
2.490000000000000000e+02,2.527665519714355469e+01,2.432751655578613281e+01
2.500000000000000000e+02,2.599877929687500000e+01,2.480321884155273438e+01
2.510000000000000000e+02,2.644344902038574219e+01,2.493382263183593750e+01
2.520000000000000000e+02,2.606880378723144531e+01,2.480709457397460938e+01
2.530000000000000000e+02,2.615954208374023438e+01,2.482045364379882812e+01
2.540000000000000000e+02,2.617376899719238281e+01,2.480042648315429688e+01
2.550000000000000000e+02,2.591626167297363281e+01,2.519519615173339844e+01
2.560000000000000000e+02,2.586639976501464844e+01,2.486482620239257812e+01
2.570000000000000000e+02,2.570920753479003906e+01,2.481423377990722656e+01
2.580000000000000000e+02,2.603815650939941406e+01,2.491363716125488281e+01
2.590000000000000000e+02,2.624204254150390625e+01,2.498286628723144531e+01
2.600000000000000000e+02,2.596106529235839844e+01,2.478727340698242188e+01
2.610000000000000000e+02,2.608550071716308594e+01,2.497990608215332031e+01
2.620000000000000000e+02,2.590358161926269531e+01,2.488266181945800781e+01
2.630000000000000000e+02,2.599232864379882812e+01,2.482867431640625000e+01
2.640000000000000000e+02,2.603504943847656250e+01,2.507901382446289062e+01
2.650000000000000000e+02,2.573166084289550781e+01,2.474678802490234375e+01
2.660000000000000000e+02,2.501108932495117188e+01,2.406571578979492188e+01
2.670000000000000000e+02,2.601214218139648438e+01,2.485611534118652344e+01
2.680000000000000000e+02,2.617729759216308594e+01,2.492634582519531250e+01
2.690000000000000000e+02,2.601528549194335938e+01,2.476443862915039062e+01
2.700000000000000000e+02,2.605952835083007812e+01,2.495049476623535156e+01
2.710000000000000000e+02,2.599385070800781250e+01,2.499187088012695312e+01
2.720000000000000000e+02,2.603471565246582031e+01,2.491827392578125000e+01
2.730000000000000000e+02,2.612535476684570312e+01,2.491587829589843750e+01
2.740000000000000000e+02,2.601912879943847656e+01,2.483001899719238281e+01
2.750000000000000000e+02,2.626043128967285156e+01,2.492942047119140625e+01
2.760000000000000000e+02,2.603313636779785156e+01,2.508314704895019531e+01
2.770000000000000000e+02,2.609837913513183594e+01,2.515217208862304688e+01
2.780000000000000000e+02,2.616223716735839844e+01,2.491400337219238281e+01
2.790000000000000000e+02,2.576487159729003906e+01,2.494220161437988281e+01
2.800000000000000000e+02,2.602366828918457031e+01,2.492525672912597656e+01
2.810000000000000000e+02,2.644038009643554688e+01,2.493643951416015625e+01
2.820000000000000000e+02,2.583921051025390625e+01,2.496862983703613281e+01
2.830000000000000000e+02,2.598456764221191406e+01,2.493007087707519531e+01
2.840000000000000000e+02,2.634910392761230469e+01,2.484654235839843750e+01
2.850000000000000000e+02,2.588331413269042969e+01,2.446001625061035156e+01
2.860000000000000000e+02,2.607608795166015625e+01,2.509260368347167969e+01
2.870000000000000000e+02,2.619838333129882812e+01,2.499992942810058594e+01
2.880000000000000000e+02,2.622362518310546875e+01,2.483863449096679688e+01
2.890000000000000000e+02,2.618200492858886719e+01,2.481949996948242188e+01
2.900000000000000000e+02,2.617527008056640625e+01,2.496973609924316406e+01
2.910000000000000000e+02,2.628060531616210938e+01,2.481369590759277344e+01
2.920000000000000000e+02,2.601865196228027344e+01,2.490123176574707031e+01
2.930000000000000000e+02,2.630551338195800781e+01,2.475014495849609375e+01
2.940000000000000000e+02,2.589688301086425781e+01,2.466017913818359375e+01
2.950000000000000000e+02,2.616720962524414062e+01,2.461135101318359375e+01
2.960000000000000000e+02,2.617375755310058594e+01,2.495539665222167969e+01
2.970000000000000000e+02,2.592970085144042969e+01,2.488298797607421875e+01
2.980000000000000000e+02,2.624263763427734375e+01,2.488040161132812500e+01
2.990000000000000000e+02,2.644200325012207031e+01,2.474641609191894531e+01
3.000000000000000000e+02,2.642694854736328125e+01,2.492634010314941406e+01
3.010000000000000000e+02,2.582745361328125000e+01,2.478715896606445312e+01
3.020000000000000000e+02,2.605063438415527344e+01,2.498504066467285156e+01
3.030000000000000000e+02,2.604028320312500000e+01,2.467880439758300781e+01
3.040000000000000000e+02,2.585314178466796875e+01,2.485231208801269531e+01
3.050000000000000000e+02,2.620706367492675781e+01,2.464398765563964844e+01
3.060000000000000000e+02,2.582633972167968750e+01,2.497576713562011719e+01
3.070000000000000000e+02,2.600181579589843750e+01,2.488142967224121094e+01
3.080000000000000000e+02,2.615374565124511719e+01,2.488549613952636719e+01
3.090000000000000000e+02,2.603077888488769531e+01,2.467894172668457031e+01
3.100000000000000000e+02,2.581392288208007812e+01,2.474616241455078125e+01
3.110000000000000000e+02,2.594660377502441406e+01,2.491828727722167969e+01
3.120000000000000000e+02,2.567794609069824219e+01,2.479342079162597656e+01
3.130000000000000000e+02,2.607022857666015625e+01,2.493166351318359375e+01
3.140000000000000000e+02,2.625795364379882812e+01,2.480296516418457031e+01
3.150000000000000000e+02,2.607971191406250000e+01,2.493856239318847656e+01
3.160000000000000000e+02,2.613055992126464844e+01,2.484124374389648438e+01
3.170000000000000000e+02,2.601086616516113281e+01,2.495636940002441406e+01
3.180000000000000000e+02,2.595502662658691406e+01,2.491650581359863281e+01
3.190000000000000000e+02,2.599058341979980469e+01,2.468620109558105469e+01
3.200000000000000000e+02,2.610034370422363281e+01,2.483363533020019531e+01
3.210000000000000000e+02,2.595163345336914062e+01,2.471442222595214844e+01
3.220000000000000000e+02,2.594201278686523438e+01,2.475826644897460938e+01
3.230000000000000000e+02,2.612110900878906250e+01,2.501416397094726562e+01
3.240000000000000000e+02,2.582254219055175781e+01,2.511377716064453125e+01
3.250000000000000000e+02,2.591303634643554688e+01,2.471137237548828125e+01
3.260000000000000000e+02,2.628088951110839844e+01,2.482862663269042969e+01
3.270000000000000000e+02,2.604791831970214844e+01,2.479743194580078125e+01
3.280000000000000000e+02,2.606484222412109375e+01,2.479725646972656250e+01
3.290000000000000000e+02,2.616187095642089844e+01,2.479037094116210938e+01
3.300000000000000000e+02,2.625073432922363281e+01,2.484644126892089844e+01
3.310000000000000000e+02,2.636274909973144531e+01,2.485334205627441406e+01
3.320000000000000000e+02,2.618658256530761719e+01,2.479904556274414062e+01
3.330000000000000000e+02,2.614746475219726562e+01,2.486362457275390625e+01
3.340000000000000000e+02,2.612375450134277344e+01,2.484950447082519531e+01
3.350000000000000000e+02,2.599381065368652344e+01,2.485780525207519531e+01
3.360000000000000000e+02,2.630256462097167969e+01,2.496595001220703125e+01
3.370000000000000000e+02,2.601179885864257812e+01,2.491506767272949219e+01
3.380000000000000000e+02,2.599169731140136719e+01,2.497287178039550781e+01
3.390000000000000000e+02,2.606165695190429688e+01,2.483136367797851562e+01
3.400000000000000000e+02,2.603172302246093750e+01,2.479977226257324219e+01
3.410000000000000000e+02,2.606632423400878906e+01,2.490373802185058594e+01
3.420000000000000000e+02,2.579339218139648438e+01,2.527856254577636719e+01
3.430000000000000000e+02,2.582902717590332031e+01,2.493629455566406250e+01
3.440000000000000000e+02,2.577132797241210938e+01,2.498153305053710938e+01
3.450000000000000000e+02,2.611746978759765625e+01,2.486173248291015625e+01
3.460000000000000000e+02,2.611709213256835938e+01,2.496100234985351562e+01
3.470000000000000000e+02,2.612932586669921875e+01,2.495509910583496094e+01
3.480000000000000000e+02,2.568887710571289062e+01,2.475868415832519531e+01
3.490000000000000000e+02,2.605066680908203125e+01,2.491399765014648438e+01
3.500000000000000000e+02,2.630274772644042969e+01,2.473260498046875000e+01
3.510000000000000000e+02,2.586206245422363281e+01,2.482042503356933594e+01
3.520000000000000000e+02,2.608568191528320312e+01,2.468128776550292969e+01
3.530000000000000000e+02,2.596596145629882812e+01,2.482307434082031250e+01
3.540000000000000000e+02,2.594165039062500000e+01,2.456852531433105469e+01
3.550000000000000000e+02,2.584362602233886719e+01,2.480158042907714844e+01
3.560000000000000000e+02,2.593782997131347656e+01,2.480602645874023438e+01
3.570000000000000000e+02,2.589298248291015625e+01,2.485871505737304688e+01
3.580000000000000000e+02,2.618417930603027344e+01,2.472892570495605469e+01
3.590000000000000000e+02,2.594771003723144531e+01,2.508426284790039062e+01
3.600000000000000000e+02,2.601020240783691406e+01,2.513418006896972656e+01
3.610000000000000000e+02,2.596529960632324219e+01,2.504184341430664062e+01
3.620000000000000000e+02,2.577321624755859375e+01,2.476915740966796875e+01
3.630000000000000000e+02,2.608248329162597656e+01,2.491389274597167969e+01
3.640000000000000000e+02,2.600731658935546875e+01,2.494781112670898438e+01
3.650000000000000000e+02,2.617614746093750000e+01,2.488571739196777344e+01
3.660000000000000000e+02,2.579742240905761719e+01,2.497497558593750000e+01
3.670000000000000000e+02,2.590322685241699219e+01,2.495322990417480469e+01
3.680000000000000000e+02,2.569767951965332031e+01,2.501891136169433594e+01
3.690000000000000000e+02,2.590667152404785156e+01,2.471672058105468750e+01
3.700000000000000000e+02,2.565858840942382812e+01,2.497041702270507812e+01
3.710000000000000000e+02,2.578012084960937500e+01,2.474291229248046875e+01
3.720000000000000000e+02,2.557963371276855469e+01,2.499958992004394531e+01
3.730000000000000000e+02,2.563014030456542969e+01,2.472600936889648438e+01
3.740000000000000000e+02,2.608267402648925781e+01,2.503613090515136719e+01
3.750000000000000000e+02,2.590923500061035156e+01,2.500282859802246094e+01
3.760000000000000000e+02,2.612353324890136719e+01,2.499672126770019531e+01
3.770000000000000000e+02,2.606052398681640625e+01,2.515733337402343750e+01
3.780000000000000000e+02,2.554404449462890625e+01,2.512839889526367188e+01
3.790000000000000000e+02,2.589836692810058594e+01,2.491732025146484375e+01
3.800000000000000000e+02,2.613765144348144531e+01,2.487254333496093750e+01
3.810000000000000000e+02,2.582071113586425781e+01,2.503704643249511719e+01
3.820000000000000000e+02,2.607297706604003906e+01,2.475144958496093750e+01
3.830000000000000000e+02,2.611425399780273438e+01,2.463639450073242188e+01
3.840000000000000000e+02,2.604181671142578125e+01,2.485843658447265625e+01
3.850000000000000000e+02,2.589165496826171875e+01,2.489188385009765625e+01
3.860000000000000000e+02,2.571004104614257812e+01,2.487645530700683594e+01
3.870000000000000000e+02,2.595208549499511719e+01,2.486375617980957031e+01
3.880000000000000000e+02,2.601688575744628906e+01,2.476639175415039062e+01
3.890000000000000000e+02,2.586616134643554688e+01,2.482015609741210938e+01
3.900000000000000000e+02,2.614401817321777344e+01,2.452663803100585938e+01
3.910000000000000000e+02,2.613005447387695312e+01,2.467267990112304688e+01
3.920000000000000000e+02,2.587304496765136719e+01,2.482356643676757812e+01
3.930000000000000000e+02,2.586073684692382812e+01,2.480242347717285156e+01
3.940000000000000000e+02,2.607535171508789062e+01,2.452790641784667969e+01
3.950000000000000000e+02,2.593352127075195312e+01,2.451407623291015625e+01
3.960000000000000000e+02,2.587988281250000000e+01,2.472060775756835938e+01
3.970000000000000000e+02,2.595794677734375000e+01,2.498501777648925781e+01
3.980000000000000000e+02,2.588144111633300781e+01,2.462489318847656250e+01
3.990000000000000000e+02,2.617385101318359375e+01,2.482899856567382812e+01
4.000000000000000000e+02,2.602728652954101562e+01,2.464989280700683594e+01
4.010000000000000000e+02,2.601507377624511719e+01,2.456643676757812500e+01
4.020000000000000000e+02,2.598966407775878906e+01,2.459889221191406250e+01
4.030000000000000000e+02,2.605728721618652344e+01,2.513831138610839844e+01
4.040000000000000000e+02,2.600421142578125000e+01,2.473640632629394531e+01
4.050000000000000000e+02,2.610810661315917969e+01,2.457385826110839844e+01
4.060000000000000000e+02,2.606490898132324219e+01,2.520188140869140625e+01
